objid,fieldid,fieldmjd,astrangekm,astrangeratekms,astradeg,astraratedegday,astdecdeg,astdecratedegday,astsunj2000xkm,astsunj2000ykm,astsunj2000zkm,astsunj2000vxkms,astsunj2000vykms,astsunj2000vzkms,obssunj2000xkm,obssunj2000ykm,obssunj2000zkm,obssunj2000vxkms,obssunj2000vykms,obssunj2000vzkms,sunastobsdeg,v,vh0,fivesigmadepth,filter,maginfiltertrue,astrometricsigmamas,photometricsigmamag,snr,astrometricsigmadeg,maginfilter,dmagdetect,dmagvignet,astratruedeg,astdectruedeg,detector,obscode,na
S100001ha,222952.0,60601.02159829434,424100937.81999874,23.44204758518795,300.2419512830576,0.18351177753532263,-32.20013495789361,0.15307472091916166,316066507.7219191,-252706588.55078685,-201147748.53915188,12.276202041821367,8.552236995178207,9.311714293750876,135320271.6891283,57324153.21598701,24846404.477394752,-12.728038073282287,25.02521716386324,10.705751937094258,19.254876181845585,11.46911960141578,5.63911960141578,23.327981376190664,i,11.17811960141578,10.000113119829134,0.00012759784210869014,8508.548335493444,2.777809199952537e-06,11.177990700946518,0.03596687030099477,0.07871853537370649,300.2419513545606,-32.200130872632386,10.0,I11,NA
S1001A3ya,222952.0,60601.02159829434,453395909.848895,24.077985671350177,300.05626361559587,0.17540974745784998,-29.8545859910913,0.033512468077671304,332267855.02065796,-283026724.1456439,-200854276.4900157,10.557060439341926,12.607720436455905,1.3818602889511642,135320271.6891283,57324153.21598701,24846404.477394752,-12.728038073282287,25.02521716386324,10.705751937094258,18.067233938308647,19.898648009814817,5.8786480098148175,23.327981376190664,i,19.607648009814817,10.586284972773129,0.009280453779561472,116.49242741978313,2.9406347146592027e-06,19.622735726446933,0.018661182412256644,0.0026314046421432175,300.05626646991226,-29.854583583224578,131.0,I11,NA
S100001ha,223002.0,60601.04604011051,424150492.4123618,23.489069626594166,300.24644427948317,0.1840161995718199,-32.19638626103264,0.1534136247837893,316092429.2306483,-252688528.77161887,-201128085.20751044,12.2752427481877,8.553004672181796,9.312325165306941,135293326.31696337,57377031.622364566,24869010.523918923,-12.791995314260607,25.053065862942088,10.703793041441406,19.25497558979418,11.469373053249853,5.639373053249853,23.016497110428716,z,11.171373053249853,10.000134964556196,0.00014683341033624206,7393.840320271774,2.7778152679322766e-06,11.171264083850598,0.039968446601555116,0.07792065478925808,300.24644264425376,-32.1963852496273,10.0,I11,NA
S1001A3ya,223002.0,60601.04604011051,453446807.93635625,24.125497017794455,300.06055418977854,0.1758840020537462,-29.8537588546072,0.03383340021250305,332290146.4565641,-283000100.88846195,-200851358.01363733,10.556221397461123,12.608435886696236,1.3823678467884422,135293326.31696337,57377031.622364566,24869010.523918923,-12.791995314260607,25.053065862942088,10.703793041441406,18.067397429671708,19.898890415026727,5.878890415026728,23.016497110428716,z,19.60089041502673,10.816890071928924,0.011593030761914598,93.15510559679825,3.004691686646923e-06,19.587106663753108,0.0207958460511602,0.0026198513975558965,300.06055938347464,-29.853760505449046,131.0,I11,NA
S1001yY0a,223034.0,60601.060993829204,398752867.4915918,22.587281981684598,309.4925002549493,0.16237566361076913,-37.053929672536434,0.06357422378957821,337665198.77044815,-188172911.17546275,-215392235.426342,8.649266794643161,15.413419587644325,1.1792025371453099,135276772.4737646,57409408.90613302,24882839.06715347,-12.833371728047982,25.0659765623369,10.70259927478434,19.527810803827055,20.438461829894848,5.4684618298948475,23.16109065777662,z,20.14046182989485,11.18175525779235,0.015671803757158726,68.78079705632716,3.1060431271645415e-06,20.122028891174804,0.022087662903663582,0.06988953029283242,309.49249476673947,-37.0539227230335,178.0,I11,NA
S1001yY0a,223035.0,60601.06145101429,398753759.7230548,22.5881131599134,309.4925698563763,0.16238674186302535,-37.053891191266025,0.06358247551579958,337665540.3970064,-188172302.37916014,-215392188.85018533,8.649246376269053,15.413430976259725,1.1792155667735211,135276265.52026406,57410399.038311444,24883261.82735198,-12.834659419220642,25.066319793948665,10.70256282361877,19.527826843645116,20.438467100203773,5.468467100203773,23.168736550925114,z,20.140467100203775,11.138573696131044,0.015578659099722992,69.19501195478033,3.09404824892529e-06,20.14684251000656,0.022688691167182543,0.0645653991450741,309.49256900496295,-37.05389365597519,22.0,I11,NA
S1001yY0a,223084.0,60601.085038206504,398799835.228219,22.629117889975074,309.49640483732696,0.1630181742120783,-37.05238730595908,0.0639904503567294,337683164.58261615,-188140892.6032597,-215389785.18367553,8.648192876993628,15.414018469126011,1.1798877929141196,135250040.59229487,57461497.65134957,24905071.0236827,-12.902574099880166,25.079749158775606,10.70068512302839,19.52864740805772,20.438739005138913,5.468739005138913,22.470659834132523,y,20.135739005138912,13.178802856490256,0.027230407212011015,39.3742886053104,3.6607785712472934e-06,20.190398579276444,0.023081466845035824,0.07005541166009092,309.4964064719544,-37.052389041121415,177.0,I11,NA
S1001yY0a,223085.0,60601.08548740063,398800713.4870952,22.62986006563835,309.49648282866633,0.16303130160757134,-37.052356358723145,0.06399785428017812,337683500.1964688,-188140294.42441756,-215389739.39500028,8.648172812842231,15.414029655968484,1.1799005947470587,135249539.81304172,57462471.009095274,24905486.320553504,-12.903891413637519,25.079922108626683,10.700649409173751,19.528662896175,20.43874418291301,5.468744182913008,22.448941337750167,y,20.135744182913008,13.318213414832398,0.027724680335814055,38.66348854664478,3.6995037263423327e-06,20.14234092606288,0.02280509239684491,0.0645526604322978,309.4964797017059,-37.0523602953244,22.0,I11,NA
S100001ha,223130.0,60601.10582804442,424272088.71192884,23.584011269819825,300.2574941014651,0.1856909116448622,-32.187193383754625,0.1540936189880337,316155828.13560295,-252644345.32790428,-201079980.65729102,12.272895519923635,8.554882075975383,9.313819156829794,135226809.29398882,57506552.17903085,24924290.559829496,-12.964175041735032,25.084436991746948,10.69903322798477,19.255159674064192,11.469992948077302,5.6399929480773014,22.212197930933407,y,11.1669929480773,10.000254571940408,0.00021230685573034856,5113.495044968379,2.777848492205669e-06,11.16712913534889,0.044710375168335204,0.4562889141717816,300.25749181668164,-32.18719142872751,158.0,I11,NA
S100001ha,223131.0,60601.10627189201,424272993.1323134,23.584585333465615,300.25757339009436,0.18570534236096006,-32.187126618977615,0.15409770078948185,316156298.7442919,-252644017.287307,-201079623.51500636,12.272878091226605,8.554896010901041,9.313830246259984,135226312.11304504,57507514.1278456,24924700.850083094,-12.96550102978401,25.08446261134639,10.6989979765144,19.255160680642295,11.469997546590092,5.639997546590092,22.28690487399406,y,11.16699754659009,10.000218313309203,0.0002051178783244812,5292.730491928308,2.7778384203636676e-06,11.167001588218522,0.0484953826070523,0.07595502322784106,300.2575742383034,-32.18712303377572,11.0,I11,NA
S1001A3ya,223131.0,60601.10627189201,453572622.58928627,24.221598953494905,300.0711941395227,0.1774591381191284,-29.85170145008472,0.03449187959349861,332345071.4954529,-282934486.9664495,-200844161.46154174,10.554153159885066,12.610198467978739,1.3836185496060474,135226312.11304504,57507514.1278456,24924700.850083094,-12.96550102978401,25.08446261134639,10.6989979765144,18.067743789085632,19.899487651495804,5.879487651495804,22.28690487399406,y,19.596487651495803,11.993891190753176,0.020366163638917797,52.81234980778717,3.3316364418758824e-06,19.58290814718312,0.025454363673104285,0.002592208133013116,300.07119798640736,-29.85170174417512,128.0,I11,NA
S10002iya,223222.0,60601.14782038367,362061856.9762805,16.708351799110126,347.96635889069,-0.12079315623744584,-18.862155572133215,0.06078936864826118,470269444.07966065,-13833684.198911496,-92088760.4037178,2.036763131211992,13.301130563893857,9.501832443979842,135179545.31439945,57597549.644108236,24963102.07890374,-13.089807173011893,25.072951101013793,10.695696520354716,12.66441334963899,16.917864626754227,5.197864626754226,22.572511609230524,y,16.614864626754226,10.021543151445417,0.0023780295639420235,456.06986576629885,2.783761986512616e-06,16.61486754256037,0.023424957567585777,0.07061558141170907,347.96635739090146,-18.86215457159647,179.0,I11,NA
S10002iya,223223.0,60601.14827478786,362062512.9774376,16.709520462654403,347.9663007279983,-0.12078475352305117,-18.86212603284541,0.06079518210022887,470269524.03910255,-13833162.018992124,-92088387.37774904,2.036740895437136,13.301131219497478,9.501836799230238,135179031.37558874,57598534.01521653,24963521.996566325,-13.091155093550142,25.07267346379064,10.695660363484365,12.664515845139983,16.917872314951385,5.197872314951384,22.568901336542627,y,16.614872314951384,10.021447078475841,0.0023825425271945836,455.20504117075666,2.7837352995766223e-06,16.6151422807164,0.023613706801342733,0.06567215743665283,347.9663025039266,-18.862126947348187,22.0,I11,NA
S1001c3ma,223223.0,60601.14827478786,431416424.21982545,17.73811489702434,349.7185402173614,-0.10352666000140501,-17.166425825194228,-0.019032631149605836,540757777.8118186,-15972072.185733147,-102368303.55679,1.5644388536078933,13.654072260546625,3.875739737813289,135179031.37558874,57598534.01521653,24963521.996566325,-13.091155093550142,25.07267346379064,10.695660363484365,10.536890574982602,19.96783425763921,5.797834257639211,22.568901336542627,y,19.561834257639212,10.918502561470305,0.015838693233289503,68.0508231794645,3.032917378186196e-06,19.559466363306328,0.014420745015638878,0.027323318170982665,349.7185380837692,-17.166429829998428,152.0,I11,NA
S1004ydHa,223225.0,60601.14920223569,345450282.9869147,18.443637552976316,341.09496262986835,-0.06283266228395441,-22.100643190642398,0.0057906382491824115,437980649.97428584,-46101705.05266236,-105005990.84943599,1.9004723500541567,15.643784207455514,4.131102185746046,135177982.25161734,57600543.10294716,24964379.05283885,-13.093904532968244,25.07209670332031,10.695586561008705,15.030645504320638,20.25654774085582,5.0565477408558195,22.522906236930247,y,19.953547740855818,11.928571012312856,0.022463752251211593,47.83453126479546,3.313491947864682e-06,19.940741470160866,0.00451550528397124,0.025570517946847726,341.09496679736543,-22.10064227384028,69.0,I11,NA
S1001cpga,223226.0,60601.14965278401,382767742.2106307,18.05378745735631,342.52356728749,-0.08019397204829241,-16.936313811381083,0.029101116814272274,484442218.3507079,-52363295.20286539,-86538723.91238913,2.2223020628076338,14.031195978468878,7.589329946207355,135177472.513893,57601519.08910435,24964795.403584767,-13.095239354763342,25.071811628238553,10.695550705466687,12.954824115785403,19.348372379555446,5.398372379555447,22.540453747162235,y,18.942372379555447,10.401330956376938,0.010135686649287004,106.62092108791445,2.8892585989935938e-06,18.93284054829448,0.009192474308469195,0.062226225697241844,342.5235700163609,-16.936313100423682,177.0,I11,NA
S1003RN3a,223226.0,60601.14965278401,396140075.25982475,18.674853340415872,343.10688753106496,-0.07004461185831025,-17.144218516413424,-0.024802943131025056,497380918.29692537,-52396768.75947591,-91808549.43667951,1.8636504207814741,14.93224754403695,3.2942196420037813,135177472.513893,57601519.08910435,24964795.403584767,-13.095239354763342,25.071811628238553,10.695550705466687,12.527629440114973,20.896043554496018,5.516043554496017,22.540453747162235,y,20.593043554496017,14.694947484159686,0.03765886182281867,28.333719345524965,4.081929856711024e-06,20.612988663699415,0.006971935666164246,0.08892401166965039,343.10688462111005,-17.144219915739612,179.0,I11,NA
S10001w1a,223227.0,60601.15010336809,414766546.0565803,18.20896979616624,342.6646343238169,-0.07826053014766252,-14.24929523508182,-0.014591166569713106,518922504.8288353,-62180827.84054568,-77126011.61026755,1.5697072560963834,13.83666903489405,5.028927203321619,135176962.68465048,57602495.139849216,24965211.785248607,-13.096573718761334,25.071523336270452,10.695514845323714,11.841060719979588,15.493039124044142,5.673039124044141,22.51889994302157,y,15.19003912404414,10.005718015710595,0.001200623710243468,903.8102398644098,2.7793661154751656e-06,15.191013925987663,0.008123341603524625,0.05759985392575709,342.664634735162,-14.249297016680607,121.0,I11,NA
S1001cpga,223227.0,60601.15010336809,382768445.07386357,18.054895311328874,342.5235331260292,-0.08018458687880882,-16.936296303083406,0.029105905277588127,484442304.86026525,-52362748.99525941,-86538428.4742508,2.2222814160449746,14.031198212005345,7.589333635408873,135176962.68465048,57602495.139849216,24965211.785248607,-13.096573718761334,25.071523336270452,10.695514845323714,12.954919464795594,19.34837975716807,5.398379757168069,22.51889994302157,y,18.94237975716807,10.41553915135239,0.010296102847284935,104.95197123589412,2.8932053198201083e-06,18.94776285047503,0.009155226442457219,0.06075510726031014,342.5235338843816,-16.936299986856927,11.0,I11,NA
S1003RN3a,223227.0,60601.15010336809,396140802.30152154,18.6759664853537,343.10685555972,-0.07003573410781337,-17.14423300320983,-0.024798046461964107,497380990.844733,-52396187.476868205,-91808421.19921932,1.8636308786497495,14.93224960468184,3.2942232497538875,135176962.68465048,57602495.139849216,24965211.785248607,-13.096573718761334,25.071523336270452,10.695514845323714,12.527723924843727,20.896050996703092,5.5160509967030915,22.51889994302157,y,20.59305099670309,14.859218366276632,0.0383514157401535,27.81314234201172,4.1275606572990645e-06,20.570480927366752,0.006942884816352088,0.0579832731016815,343.10685306215186,-17.14423109043691,22.0,I11,NA
S1004XYqa,223227.0,60601.15010336809,414068911.66472155,18.948422438438282,344.23453712112945,-0.08372486761262761,-15.356143171416473,-0.006934706200914881,519442599.4013199,-50883613.807258815,-84687712.32970074,2.505520604344233,13.650586139480033,5.118614226857348,135176962.68465048,57602495.139849216,24965211.785248607,-13.096573718761334,25.071523336270452,10.695514845323714,11.676287371064385,20.63501555629886,5.66501555629886,22.51889994302157,y,20.22901555629886,12.845510220832182,0.028265871869711294,37.913728452428444,3.568197283564495e-06,20.3045414637073,0.008933039567148577,0.003826666606279211,344.2345338785115,-15.356141266989004,147.0,I11,NA
S10015xUa,223228.0,60601.15055366608,371369375.5295642,19.829743948331885,343.3026591023036,-0.08153929912003137,-13.531955149584928,0.011992886524819458,481012676.725277,-46134897.252713375,-61930189.77285291,3.8616414029939947,13.776007867367618,6.930739264469669,135176453.1265425,57603470.560905784,24965627.90170347,-13.09790666738638,25.07123203671425,10.69547900606298,12.664765083075192,18.957914237776645,5.287914237776645,22.42690179251599,y,18.654914237776644,10.353429844539725,0.008945229974360853,120.87668337265458,2.875952734594368e-06,18.653186672672653,0.007783754866533501,0.08951198680420604,343.3026562833093,-13.53195035246265,1.0,I11,NA
S1004itRa,223228.0,60601.15055366608,382448030.7920019,17.21082946975891,344.5313671282245,-0.09514051001466886,-14.012662754364914,0.021797215569826986,492802376.4281849,-41364191.10671053,-67638964.1711827,1.4869009783787122,13.636359674757072,8.162448325443183,135176453.1265425,57603470.560905784,24965627.90170347,-13.09790666738638,25.07123203671425,10.69547900606298,12.182123893008692,21.076466306771515,5.386466306771515,22.42690179251599,y,20.773466306771514,17.82920160171596,0.048341085202344716,21.96361567929609,4.952556000476655e-06,20.88804729586771,0.010860724250186637,0.021127089615896873,344.531363875527,-14.012666547906496,24.0,I11,NA
S1008eaSa,223228.0,60601.15055366608,333030829.4978758,17.768624706087753,344.4295358999956,-0.08552478718445489,-13.193522172565858,0.03401475457448712,447517581.8844942,-29430180.67870265,-51045596.95276397,2.5664686659256173,14.892142537977758,8.868391709104904,135176453.1265425,57603470.560905784,24965627.90170347,-13.09790666738638,25.07123203671425,10.69547900606298,13.418720519337908,20.89320754135396,4.913207541353959,22.42690179251599,y,20.48720754135396,15.253602542723211,0.03790517956919075,28.146388001243817,4.237111817423115e-06,20.503995275557635,0.009777441028484346,-0.0,344.4295401705727,-13.193522061625632,52.0,I11,NA
S100krCJa,223228.0,60601.15055366608,414969487.1938762,18.30873814707089,344.23893502196705,-0.07932776368963977,-11.604587800466199,-0.026279500832485397,526380841.46313524,-52809087.31878709,-58508227.47589428,1.9666261087912413,14.05206122264549,4.85497064558098,135176453.1265425,57603470.560905784,24965627.90170347,-13.09790666738638,25.07123203671425,10.69547900606298,11.231290380379123,22.50697215449073,5.666972154490729,22.42690179251599,y,22.203972154490728,53.890679802359124,0.1642664453365988,6.12220741628325,1.4969633278433091e-05,21.904266489889178,0.008144666741246547,0.034778521328689,344.2389430261712,-11.604601949354333,118.0,I11,NA
S10001w1a,223229.0,60601.15100067656,414767957.8391108,18.21121242607873,342.6645667090614,-0.07824348536355086,-14.249309542411018,-0.014583325392903934,518922626.5154894,-62179755.183440804,-77125621.75368275,1.5696710511735514,13.836673377063983,5.028932585866739,135175947.23732373,57604438.849358566,24966040.978805,-13.099229311993692,25.070939711083348,10.695443426617597,11.841248794939233,15.493053379166376,5.673053379166376,22.41992307034673,y,15.190053379166375,10.00725064131048,0.001259205638888899,861.7390917938503,2.7797918448084664e-06,15.190071806629192,0.007050521867364873,0.023686231669684178,342.66456451893623,-14.249310105943424,111.0,I11,NA
S1000fama,223229.0,60601.15100067656,377977034.944525,18.00531645057143,342.80392317403573,-0.08144120349543031,-13.066454817337917,0.01396946276583759,486907973.0401685,-51248412.31925534,-60487401.50564504,2.095566313081722,14.028625613570227,7.664244360036308,135175947.23732373,57604438.849358566,24966040.978805,-13.099229311993692,25.070939711083348,10.695443426617597,12.549790258418765,20.38918064770683,5.349180647706831,22.41992307034673,y,19.98318064770683,12.594583736947307,0.02503718890446613,42.866862063522035,3.4984954824853634e-06,19.994855851557503,0.007666642948490032,0.01183666364768658,342.803924984049,-13.066454887114633,151.0,I11,NA
S10015xUa,223229.0,60601.15100067656,371370141.4100877,19.830868374514736,343.3026240532572,-0.08152996775164652,-13.53193661251094,0.011996969165178561,481012825.85823077,-46134365.23475705,-61929922.11343872,3.86162008327337,13.776009913836237,6.93074201020091,135175947.23732373,57604438.849358566,24966040.978805,-13.099229311993692,25.070939711083348,10.695443426617597,12.664865433846563,18.95792270811572,5.287922708115721,22.41992307034673,y,18.65492270811572,10.365644217262671,0.008989713601778249,120.27608426957545,2.8793456159062974e-06,18.663651655320017,0.00759430463826742,0.05478536827409776,343.3026198364595,-13.531944990601927,159.0,I11,NA
S1000CnBa,223230.0,60601.15145026646,373429788.23883003,17.79605409439632,340.0850901956004,-0.07116922280024644,-16.112299608493903,-0.02494304213721361,472482671.9379802,-64597395.192015454,-78668111.08281767,0.7262832434701523,14.576387899895789,3.949197423576911,135175438.3776141,57605412.7133779,24966456.43797173,-13.10055900398932,25.07064253189748,10.695407640009211,13.610909575370153,19.287256549220984,5.317256549220984,22.469414224584767,y,18.881256549220986,10.437158244053114,0.010209147779123028,105.85013107179599,2.899210623348087e-06,18.872350832187298,0.006741234773466657,-0.0,340.0850897857675,-16.112298636974508,94.0,I11,NA
S1002Cc0a,223231.0,60601.15189974042,428666241.37705946,19.308159014133217,337.0835574273226,-0.05183839196842052,-17.93913499697917,-0.028855703834282858,510813064.7517492,-101196394.29274023,-107065063.33474648,1.4460505450187053,14.284531517458932,2.371262137851003,135174929.59741148,57606386.31484351,24966871.788690135,-13.101887758657506,25.07034225623663,10.695371860726397,12.960927885973303,20.630036648507858,5.800036648507858,22.48410123021641,y,20.327036648507857,13.686166005987728,0.03157329144121698,33.89022879547122,3.8017127794410355e-06,20.32111501227125,0.00415797722941961,0.07244072254538532,337.0835617853321,-17.93912573269171,75.0,I11,NA
S1000uuCa,223232.0,60601.152348468786,417513213.62736225,22.002681640369314,335.6850519788715,-0.029078589257835588,-17.285772534411954,-0.036725406151370876,498468071.32721823,-106540122.28281556,-99091685.31779706,4.239512109473845,14.665606878874451,1.200068924743912,135174421.60976228,57607358.28950921,24967286.448997594,-13.103213706977495,25.070039315637402,10.69533613888497,13.43153576784809,20.918852343241653,5.708852343241652,22.427375568898753,y,20.512852343241654,15.517573302511323,0.038720542066311314,27.543287061450627,4.310437028475367e-06,20.51212513803482,0.0025384042927559776,0.13912939335317293,335.68505345859614,-17.285774947094257,170.0,I11,NA
S10003xDa,223233.0,60601.152796848335,411479773.50873524,17.779058521119783,336.5167532687331,-0.10630326362311637,-15.40679810235173,0.07136030945642269,499011273.1883498,-100466188.42063756,-84350379.65380225,0.6668988770663082,9.799355802307494,11.691022173464612,135173913.96613732,57608329.49590807,24967700.785197347,-13.104538013533018,25.069733455771814,10.69530044291483,13.245935476050581,18.86664450619878,5.656644506198781,22.424198615076666,y,18.56364450619878,10.316960291016606,0.008403748177333794,128.69730605391436,2.8658223030601684e-06,18.564761062121764,0.018419978811210984,0.013531178412491754,336.5167516781259,-15.406803370326076,129.0,I11,NA
S10005EVa,223233.0,60601.152796848335,411131562.7537432,18.95983437381543,335.9342378163566,-0.04508533255663661,-15.024834619907294,0.0004754697769835836,497735688.23695654,-104313468.6374423,-81613108.24904118,2.150222656277955,14.2972128042,5.818702538563801,135173913.96613732,57608329.49590807,24967700.785197347,-13.104538013533018,25.069733455771814,10.69530044291483,13.332141741428638,17.194109675927503,5.654109675927504,22.424198615076666,y,16.788109675927505,10.036064115286765,0.0028222945426600557,384.20003740207414,2.787795587579657e-06,16.788939159009765,0.002274741614650901,0.08974195484790234,335.93423629311286,-15.024835310770188,120.0,I11,NA
S1000dLea,223233.0,60601.152796848335,353250532.29478914,18.077178204337073,335.8381930450093,-0.0426712095686435,-15.573590061814992,-0.043003071990371254,445644385.0832327,-81673959.14081049,-69871536.46577261,0.8312019024107556,15.60408282637447,2.8862095988434477,135173913.96613732,57608329.49590807,24967700.785197347,-13.104538013533018,25.069733455771814,10.69530044291483,15.079794178020604,17.493806395393527,5.133806395393528,22.424198615076666,y,17.190806395393526,10.05638639754956,0.0035296404560364006,307.1055973677718,2.793440665985989e-06,17.183857009861455,0.004236939050358741,0.031175304500722374,335.83819182759885,-15.57359055649255,79.0,I11,NA
S1000mQRa,223233.0,60601.152796848335,408035129.7455769,21.150042005034766,335.83331074550676,-0.011219654447671902,-15.057137576296144,-0.018282395337726517,494666963.92471945,-103703088.70710482,-81032563.50428836,4.806952338190401,16.05496998767002,3.745963397722114,135173913.96613732,57608329.49590807,24967700.785197347,-13.104538013533018,25.069733455771814,10.69530044291483,13.43496655388763,19.667970564553652,5.627970564553653,22.424198615076666,y,19.36497056455365,11.010045065537383,0.015207641240780133,70.89528992817007,3.058345851538162e-06,19.39031217255207,0.0005427090127585772,0.09716703370218521,335.83331290950616,-15.057138495699903,120.0,I11,NA
S1000uuCa,223233.0,60601.152796848335,417514066.0298223,22.003685975965304,335.6850372205216,-0.029068293364222304,-17.285801809710634,-0.03672106536308983,498468235.5533376,-106539554.17941996,-99091638.83051705,4.239493809356402,14.665610792498315,1.2000725632222642,135173913.96613732,57608329.49590807,24967700.785197347,-13.104538013533018,25.069733455771814,10.69530044291483,13.431613881670275,20.918859741652565,5.708859741652564,22.424198615076666,y,20.512859741652566,15.536042044316726,0.038824995468107984,27.467856400550016,4.315567234532424e-06,20.508204915496464,0.0025409668493534404,0.03712299290278156,335.6850404226698,-17.285791413027738,5.0,I11,NA
S1002Cc0a,223233.0,60601.152796848335,428667738.03352654,19.310202881925,337.08351543650446,-0.05181880098028871,-17.93916159378931,-0.02884690952068909,510813176.8266884,-101195287.16840732,-107064879.5495499,1.4460155806165256,14.284538448583024,2.3712694675447596,135173913.96613732,57608329.49590807,24967700.785197347,-13.104538013533018,25.069733455771814,10.69530044291483,12.961090576663311,20.630049626991735,5.8000496269917345,22.424198615076666,y,20.327049626991734,14.241654728128884,0.03319825737061995,32.2071623815568,3.956015202258023e-06,20.34018465061654,0.003907435461576115,0.04650555045869472,337.083515289497,-17.939151615415277,26.0,I11,NA
S10003xDa,223234.0,60601.15324478893,411480461.6149918,17.78009111365554,336.51670427073674,-0.10629281643289137,-15.406775564953287,0.07136396708727141,499011298.9968215,-100465809.1877564,-84349927.2138807,0.6668802205011082,9.799359560094594,11.691025328459158,135173406.76787,57609299.74038595,24968114.71471498,-13.105860407104402,25.069424747640277,10.695264779913888,13.24602298776737,18.866650806839562,5.656650806839561,22.407122112069896,y,18.56365080683956,10.322977321644112,0.008505039264292951,127.15864130461767,2.867493700456698e-06,18.544310316610694,0.018508077157615033,0.09823671122338444,336.5167040629211,-15.406771404329364,110.0,I11,NA
S10005EVa,223234.0,60601.15324478893,411132296.55817556,18.96085212783014,335.9342203463229,-0.04507498559532135,-15.02483284778334,0.00047923998258868507,497735771.44938743,-104312915.34070972,-81612883.06742337,2.150203948830842,14.297216726921748,5.8187056068848095,135173406.76787,57609299.74038595,24968114.71471498,-13.105860407104402,25.069424747640277,10.695264779913888,13.332225621376141,17.19411631501444,5.654116315014441,22.407122112069896,y,16.78811631501444,10.036557221818004,0.0028485711022930176,380.65138733380013,2.7879325616161126e-06,16.786965119623424,0.0022849702769249343,0.01202374231165068,335.93421609988036,-15.024835096943217,101.0,I11,NA
S10006Nda,223234.0,60601.15324478893,408749944.9277288,20.806191430214405,335.72211719773975,-0.028749204270144824,-12.819755299806463,-0.05523792453864808,498486514.0125325,-106264048.12428056,-65727227.1902193,3.5135416682029907,15.035146338743512,1.6315100389773127,135173406.76787,57609299.74038595,24968114.71471498,-13.105860407104402,25.069424747640277,10.695264779913888,13.233383305111303,19.973053740257637,5.633053740257637,22.407122112069896,y,19.670053740257636,11.630890027828903,0.019616390967189153,54.84992349609462,3.2308027855080286e-06,19.621736387154968,0.004615085562786713,0.036061733455976616,335.7221178971937,-12.819751561819645,167.0,I11,NA
S1000dLea,223234.0,60601.15324478893,353251231.93844324,18.07818755511282,335.8381754146091,-0.04265916095465548,-15.573614388758948,-0.04299839055800498,445644417.2500628,-81673355.26692216,-69871424.77016616,0.8311781458669935,15.604087182152384,2.8862133240526244,135173406.76787,57609299.74038595,24968114.71471498,-13.105860407104402,25.069424747640277,10.695264779913888,15.079890952896694,17.49381362377544,5.133813623775442,22.407122112069896,y,17.19081362377544,10.057211534781503,0.0035642060330164666,304.1224516021353,2.7936698707726395e-06,17.185965512380093,0.004256267285522472,0.053508568266801684,335.83817271613066,-15.573609818263979,63.0,I11,NA
S1000hLCa,223234.0,60601.15324478893,333629059.5874636,17.026314986779557,336.65640515373457,-0.037402349541292366,-12.958368736993581,0.006290066651484568,433692360.9452807,-71222615.27221934,-49845864.8118627,1.2426195411794447,16.202456325156223,7.290770104595423,135173406.76787,57609299.74038595,24968114.71471498,-13.105860407104402,25.069424747640277,10.695264779913888,15.255770611770297,19.018174805888062,4.938174805888062,22.407122112069896,y,18.71517480588806,10.399371230462917,0.009471089584509797,114.13761164001843,2.8887142306841436e-06,18.71904973560989,0.0016503618811169233,0.20707271826466614,336.6564070704783,-12.958366875855877,186.0,I11,NA
S1000mQRa,223234.0,60601.15324478893,408035948.315514,21.151057009471078,335.83331068776306,-0.011209322744514446,-15.057146347042968,-0.01827852306703927,494667149.95020705,-103702467.39038163,-81032418.53793952,4.806933397641714,16.054973960690276,3.745966501149936,135173406.76787,57609299.74038595,24968114.71471498,-13.105860407104402,25.069424747640277,10.695264779913888,13.435046419828863,19.66797794568517,5.627977945685171,22.407122112069896,y,19.36497794568517,11.03128084155446,0.015411120876975238,69.95265833459717,3.0642446782095724e-06,19.358259453719562,0.0005449708827600561,0.011059632607699401,335.83330788608083,-15.057146684258804,62.0,I11,NA
S1001aCla,223234.0,60601.15324478893,368962404.643872,19.50968569172437,335.6353822753589,-0.03582154223303677,-12.323292351541333,-0.0038857707944309704,463531345.7786209,-91096049.6745536,-53778642.21290557,3.124617756139175,14.856725619692801,6.248823156775895,135173406.76787,57609299.74038595,24968114.71471498,-13.105860407104402,25.069424747640277,10.695264779913888,14.302614024477226,18.640187349152857,5.2801873491528575,22.407122112069896,y,18.337187349152856,10.236973066828737,0.00727386850983293,148.76586371690584,2.843603629674649e-06,18.331980436865248,0.0014958002432801387,0.4204378444988779,335.6353808949426,-12.323293162639144,169.0,I11,NA
S1001Wj3a,223234.0,60601.15324478893,415438618.618024,18.24617481563316,336.53383391871876,-0.059581462837774414,-13.602835243449116,-5.298689937381715e-05,505563814.1410996,-103181045.26910828,-72738963.26796946,1.2256608782173661,13.550768528306477,6.400011528017301,135173406.76787,57609299.74038595,24968114.71471498,-13.105860407104402,25.069424747640277,10.695264779913888,12.973915191473512,19.738944172184866,5.688944172184865,22.407122112069896,y,19.332944172184867,10.983085930540527,0.015032087473657559,71.72905999960201,3.050857202927924e-06,19.340457897224027,0.00403585907685231,0.030787429050833585,336.5338320190157,-13.602832048854946,181.0,I11,NA
S10006Nda,223235.0,60601.15369267327,408750750.0896547,20.80721676163097,335.7221048053555,-0.028738868451455922,-12.819775287192865,-0.0552344128663511,498486649.967079,-106263466.34599116,-65727164.0596255,3.513522809179519,15.035150361121714,1.6315125261078378,135172899.5817353,57610269.8517864,24968528.591200728,-13.107182009651636,25.069112934456342,10.695229119394652,13.233467828792582,19.973061111038184,5.6330611110381845,22.390512688182824,y,19.670061111038184,11.677078385732127,0.01987988663527255,54.116334488670205,3.243632884925591e-06,19.659785901840266,0.004599585141218238,0.09044027606798591,335.7221050231795,-12.819776301252395,9.0,I11,NA
S100075Ha,223235.0,60601.15369267327,433306091.7507625,21.540729503392132,335.97919030139116,-0.04475149828581303,-11.706986034233132,-0.013406763368215908,522720699.3109983,-115105791.57760032,-62952183.936708175,4.380250501959221,13.077378411288796,5.175755594706416,135172899.5817353,57610269.8517864,24968528.591200728,-13.107182009651636,25.069112934456342,10.695229119394652,12.492112611840069,19.56571798506437,5.83571798506437,22.390512688182824,y,19.26271798506437,10.910294865430997,0.014421239099225713,74.78841035725677,3.030637462619721e-06,19.255292302089046,0.002523042576325318,0.006752503430737584,335.97919332696773,-11.70698644086606,40.0,I11,NA
S1000cfea,223235.0,60601.15369267327,403530386.33207476,17.73166670125746,338.2638651360925,-0.059851909777821705,-10.832981078308658,-0.01937472406502595,503332038.42840487,-89167094.29212059,-50873687.32472652,1.0199575880825786,14.279088848405069,5.811770139655817,135172899.5817353,57610269.8517864,24968528.591200728,-13.107182009651636,25.069112934456342,10.695229119394652,12.659073794989622,17.393165581201707,5.5831655812017065,22.390512688182824,y,16.987165581201708,10.046482538039323,0.003207312515035577,338.019239772658,2.790689593899812e-06,16.99169288940973,0.004593606332456663,0.05111019738079692,338.26386245350903,-10.832981149069184,183.0,I11,NA
S1000hLCa,223235.0,60601.15369267327,333629718.47870225,17.02734452623334,336.6563934818801,-0.03738996567259552,-12.958361123991192,0.006294144440247083,433692409.02799225,-71221988.31748657,-49845582.6951847,1.2425938065549318,16.202460553175843,7.2907730631686505,135172899.5817353,57610269.8517864,24968528.591200728,-13.107182009651636,25.069112934456342,10.695229119394652,15.25587289462204,19.01818222174729,4.938182221747288,22.390512688182824,y,18.715182221747288,10.41013309982602,0.009584861433488648,112.77688600749632,2.891703638840561e-06,18.721680880486502,0.0016442169000951891,0.03669626068507981,336.6563903213118,-12.958364057717853,25.0,I11,NA
S1000wRda,223235.0,60601.15369267327,405245829.4456292,21.238662663307487,337.59895301088636,-0.05410650649168017,-12.002895384743447,-0.012619117031185925,501647217.4608364,-93447443.13931523,-59306848.64202376,4.250141063019031,13.229586324793564,5.268345533753739,135172899.5817353,57610269.8517864,24968528.591200728,-13.107182009651636,25.069112934456342,10.695229119394652,12.863488086637172,20.989990709025083,5.599990709025082,22.390512688182824,y,20.583990709025084,16.404911945982732,0.04243298654078655,25.09033638032258,4.556919984995203e-06,20.585137361639887,0.003552906693374876,0.0025258820583254696,337.59894478839254,-12.002894821485574,103.0,I11,NA
S1001aCla,223235.0,60601.15369267327,368963159.63453776,19.51070729473321,335.63536119528067,-0.03581007928358239,-12.323299506813358,-0.003882235779424752,463531466.6843913,-91095474.79768053,-53778400.41641414,3.1245956100074137,14.856729973884402,6.248825726968009,135172899.5817353,57610269.8517864,24968528.591200728,-13.107182009651636,25.069112934456342,10.695229119394652,14.302705576045815,18.640194948793283,5.280194948793284,22.390512688182824,y,18.337194948793282,10.243091189726838,0.007356475485683441,147.0897473671105,2.845303108257455e-06,18.339900272605078,0.001490157191992191,0.044252242749224686,335.6353648535893,-12.32329490222429,5.0,I11,NA
S1001Fn3a,223235.0,60601.15369267327,334595276.20307267,17.21226171077881,337.2984390255733,-0.04844189993324626,-13.067796133349894,-0.04739813442677972,435852637.1784194,-68176393.76323198,-50684759.54705645,0.46129236244191135,15.936544699245852,3.6829986511030346,135172899.5817353,57610269.8517864,24968528.591200728,-13.107182009651636,25.069112934456342,10.695229119394652,15.079771797193708,20.62684070392916,4.946840703929162,22.390512688182824,y,20.220840703929163,13.810679183720294,0.031242267135462225,34.254555931162514,3.836299773255638e-06,20.152364279339693,0.0053595846239557435,0.05632781271567214,337.29844280553147,-13.067797747755746,63.0,I11,NA
S1000cfea,223236.0,60601.15413936426,403531070.68995106,17.732731248889046,338.2638382844555,-0.05984202145404592,-10.832988660302869,-0.01937169189719942,503332077.7900324,-89166543.23638128,-50873463.03804571,1.0199385724354877,14.279092218978805,5.811772062422062,135172393.69670478,57611237.36503662,24968941.363021933,-13.108499456849438,25.068798823435962,10.695193551955578,12.659167155864418,17.39317238263362,5.583172382633618,22.434716969079396,y,16.98717238263362,10.041369924532892,0.0031294894017736908,346.4374128051683,2.789269423481359e-06,16.992452558370893,0.004911638472700148,0.2747475606070921,338.263835720424,-10.832989802901118,27.0,I11,NA
S1000lega,223236.0,60601.15413936426,392255980.61510706,20.746118336696657,340.44662388862855,-0.05808220595231477,-9.316749077672618,-0.021775856886745597,499930961.3941516,-71939122.57754402,-38534286.7133177,4.400368967958127,14.031752986148682,5.634234032324201,135172393.69670478,57611237.36503662,24968941.363021933,-13.108499456849438,25.068798823435962,10.695193551955578,12.31990607541908,19.92860343984989,5.478603439849891,22.434716969079396,y,19.62560343984989,11.377415417351736,0.018518025002159686,58.13273887876773,3.160393171486593e-06,19.577541037874802,0.004821619791916528,0.24789920970809814,340.4466197262331,-9.31674930608273,168.0,I11,NA
S1000r2Ga,223236.0,60601.15413936426,381914262.87049425,17.61821228193029,341.4520329264806,-0.0880299468389867,-10.433174950232381,0.010578287080031093,491262857.58277786,-61866570.081961766,-44191398.77883187,1.3339957219137066,13.17869616299658,8.307833480120534,135172393.69670478,57611237.36503662,24968941.363021933,-13.108499456849438,25.068798823435962,10.695193551955578,12.46030936825081,18.444982827746433,5.384982827746432,22.434716969079396,y,18.141982827746432,10.16547436150851,0.006269149289461025,172.68764814542135,2.8237428781968086e-06,18.139941102059847,0.009710920639339949,0.04685691378889866,341.45203007393474,-10.433176630939672,183.0,I11,NA
S1001booa,223236.0,60601.15413936426,396387443.35372084,17.17457826437942,340.49028631546634,-0.06769724241132753,-11.052089487795497,-0.02263382517725326,501871651.08356076,-72313743.71177456,-51019042.56411704,0.6755598481638249,14.541608047635188,5.6243926027614535,135172393.69670478,57611237.36503662,24968941.363021933,-13.108499456849438,25.068798823435962,10.695193551955578,12.37950172224039,18.786685997434066,5.516685997434067,22.434716969079396,y,18.483685997434065,10.261318631092921,0.007891023680568184,137.0919054320859,2.8503662864147003e-06,18.474829095795158,0.00630992881559163,-0.0,340.49028763397274,-11.052085512414559,98.0,I11,NA
S1001LATa,223236.0,60601.15413936426,398983094.8468277,19.039646538914944,340.40185576140533,-0.07079652053173979,-10.3743232543411,-0.011909538534444956,504897132.9850753,-74028331.3846289,-46879271.756985076,2.4896285746952205,13.558196505321575,6.322787586476372,135172393.69670478,57611237.36503662,24968941.363021933,-13.108499456849438,25.068798823435962,10.695193551955578,12.269913736958765,20.168787894158015,5.538787894158014,22.434716969079396,y,19.762787894158016,11.694754924767022,0.020672039477947136,52.0235550539028,3.248543034657506e-06,19.750141211234308,0.00639223769319278,0.0024799440449418623,340.4018557213707,-10.374322231831414,138.0,I11,NA
S1000lega,223237.0,60601.15458771875,392256784.2960657,20.747219214628906,340.4465924789779,-0.058072527538071794,-9.316763591034656,-0.021773013160640634,499931131.8427228,-71938579.0554258,-38534068.47038523,4.400349197163524,14.031755832891639,5.634235556969658,135171885.8762629,57612208.469777375,24969355.670933273,-13.109821167368882,25.068480401877117,10.695157850025236,12.320001958571632,19.92861178959322,5.47861178959322,22.35535220734601,y,19.62561178959322,11.711690721526534,0.019732110849360877,54.525339005807126,3.2532474226462594e-06,19.60758869538997,0.004343097165590361,1.043085949581715,340.4465936869817,-9.316759068749043,161.0,I11,NA
S1000C5ka,223238.0,60601.15503361176,397695071.24652,19.883061278728494,340.78865664822445,-0.0721549532028818,-8.0138550388959,-0.015482979077134704,507051857.3971558,-71971892.88356075,-30473948.515810907,3.4289879165103683,13.226974411113874,6.691912355262431,135171380.7929726,57613174.23088948,24969767.702935345,-13.11113497322678,25.068160609725545,10.695122342077468,11.9948252237666,19.863958611529522,5.5239586115295225,22.370655357510486,y,19.56095861152952,11.479790510829245,0.018509418023435746,58.160002095523275,3.188830697452568e-06,19.574065600305854,0.006335337874020431,0.0054008177780465235,340.78865376707824,-8.01385853251044,43.0,I11,NA
S1000lega,223238.0,60601.15503361176,392257583.6071045,20.748312414237894,340.4465667485144,-0.058062867487454005,-9.316773030467312,-0.021770188414674117,499931301.35477626,-71938038.51712021,-38533851.42554209,4.400329534875113,14.031758663976305,5.634237073232949,135171380.7929726,57613174.23088948,24969767.702935345,-13.11113497322678,25.068160609725545,10.695122342077468,12.320097310898387,19.92862009354605,5.478620093546052,22.370655357510486,y,19.62562009354605,11.630985359845884,0.019491435751429087,55.20474017839855,3.2308292666238564e-06,19.621139834680545,0.004461140476339675,0.054119218265575524,340.44656779499667,-9.316768776554783,12.0,I11,NA
S1000vkYa,223238.0,60601.15503361176,320609674.372704,18.704378630209227,340.38517653507085,-0.055963914175011405,-8.457086888971132,-0.013288199096547139,433892376.05652016,-48843685.24166281,-22181868.584745973,2.993722420127168,15.523871732748967,7.093485079142002,135171380.7929726,57613174.23088948,24969767.702935345,-13.11113497322678,25.068160609725545,10.695122342077468,14.24662927062667,18.06103391324347,4.791033913243471,22.370655357510486,y,17.65503391324347,10.104708380268743,0.004793638679955997,225.99557902616033,2.8068634389635397e-06,17.66183353730223,0.003850593917870424,0.02145499423366761,340.38517611244316,-8.457088671206948,37.0,I11,NA
S1002UKGa,223238.0,60601.15503361176,405097105.9826628,18.408258477060745,340.8787295659208,-0.06525248860151928,-8.966567022786084,-0.03996684340687415,513240864.7648211,-73462304.52014105,-38167895.39614442,1.8596848493696179,14.296260677403321,4.595732882930617,135171380.7929726,57613174.23088948,24969767.702935345,-13.11113497322678,25.068160609725545,10.695122342077468,11.89219785340329,20.44886360026559,5.58886360026559,22.370655357510486,y,20.14586360026559,13.54510211810945,0.02983789526518802,35.89011824720183,3.7625283661415135e-06,20.14877676686765,0.006814539604146808,0.008110975686590747,340.8787331895648,-8.966565669536624,46.0,I11,NA
S1003hsea,223239.0,60601.15548212108,345071723.18437177,16.882297799553516,343.4596790550902,-0.07420119347669946,-10.41028160002241,-0.019878584085442113,460518244.961484,-39007265.73511831,-37382806.7228635,1.1166230756717421,15.536231912385093,6.282024997580651,135170872.69479305,57614145.64662201,24970182.15137121,-13.112455827257888,25.067835805314576,10.695086623714738,12.956354848438352,20.351836159605586,5.031836159605586,22.43624596386615,y,20.048836159605585,12.609240677219207,0.026074937176805632,41.14107400634927,3.5025668547831133e-06,20.054862873860223,0.007295365192510518,-0.0,343.45967489374937,-10.410286401350628,97.0,I11,NA
S100krCJa,223239.0,60601.15548212108,414977286.0797832,18.32132443367904,344.23856312320066,-0.07923735128156963,-11.604744480236814,-0.026242649504580377,526381678.7958293,-52803104.05200172,-58506160.26103619,1.9664288567962724,14.0520810306274,4.854992577551531,135170872.69479305,57614145.64662201,24970182.15137121,-13.112455827257888,25.067835805314576,10.695086623714738,11.232367247648915,22.507054575516765,5.667054575516765,22.43624596386615,y,22.204054575516764,52.15004214344397,0.1629905834614771,6.173848431723392,1.4486122817623323e-05,22.151760189857963,0.00854997548549463,0.036070000211321826,344.23855228390687,-11.604731375714822,112.0,I11,NA
S1001joSa,223240.0,60601.15593080322,355050887.80663764,18.458781053601253,346.2128520910599,-0.08903125073599384,-6.956364141554208,-0.02017775219408871,477453117.5884673,-26376180.455719262,-18030832.074855227,3.0005925357274394,14.587650154821372,7.023335639419113,135170364.35024384,57615117.42283563,24970596.75761819,-13.113776516192122,25.067507731327,10.695050889549979,11.624215287562167,19.90235374008588,5.112353740085879,22.40442127647394,y,19.599353740085878,11.40782052406666,0.018577858051112246,57.94391166466937,3.1688390344629607e-06,19.56791243843109,0.010309987678327848,0.09420571865502943,346.21285359812316,-6.956365171269526,186.0,I11,NA
S1001kRna,223240.0,60601.15593080322,355823957.67888415,16.52279004426454,343.8029052640688,-0.10481790403823173,-6.990607343616423,0.007632506292658391,474330762.1312043,-40901405.234592326,-18335518.97877152,0.6134193744244104,13.293653083905534,9.229161963450755,135170364.35024384,57615117.42283563,24970596.75761819,-13.113776516192122,25.067507731327,10.695050889549979,12.206010688428314,18.879624915724516,5.129624915724516,22.40442127647394,y,18.576624915724516,10.314947115730904,0.00859928435064496,125.75956256067137,2.865263087703029e-06,18.570305509199642,0.013610553808010711,0.012439173192185779,343.8029110763178,-6.99060355144791,74.0,I11,NA
S1001RyGa,223240.0,60601.15593080322,412232393.4437639,18.87609433272225,346.03275002400756,-0.0737701662038225,-7.462990946303274,-0.016425801315411482,531825858.36058795,-41041454.41561884,-28572481.965274826,3.4066789651762925,14.682878593911573,6.88750692758637,135170364.35024384,57615117.42283563,24970596.75761819,-13.113776516192122,25.067507731327,10.695050889549979,10.4787064768569,19.671008668252092,5.631008668252093,22.40442127647394,y,19.36800866825209,10.993892822889537,0.015480080212007818,69.63882243046099,3.053859117469316e-06,19.398473638629795,0.007073059697706854,0.03559030308027148,346.032745870229,-7.462984776540677,181.0,I11,NA
S10022R1a,223240.0,60601.15593080322,340611776.1642142,15.7814932682536,344.97094744117817,-0.06768726565355833,-6.24192160906427,-0.07856924066308732,462181165.0188882,-30184888.937794156,-12063004.514043508,0.26938071334930414,16.68149419793296,3.6054217591128177,135170364.35024384,57615117.42283563,24970596.75761819,-13.113776516192122,25.067507731327,10.695050889549979,12.223952817657578,19.13477933344036,4.97477933344036,22.40442127647394,y,18.72877933344036,10.390015718548302,0.009582713837266653,112.80227232885531,2.8861154773745282e-06,18.727282497065893,0.01338606746846428,0.050347584529098,344.97095111906697,-6.24192113875595,162.0,I11,NA
S1002MnCa,223240.0,60601.15593080322,390510621.6498126,15.488246730974904,344.5514593359469,-0.09010740512687235,-6.325681887710513,-0.036293133719264146,509280223.41558367,-45773000.72406336,-18055787.648962658,-0.4619722307518534,14.242113429319893,6.143309876434776,135170364.35024384,57615117.42283563,24970596.75761819,-13.113776516192122,25.067507731327,10.695050889549979,11.146992934400393,19.696094939172777,5.446094939172777,22.40442127647394,y,19.393094939172776,11.031991370727967,0.015786062887275545,68.27936184810109,3.064442047424435e-06,19.391225945020697,0.01170032688753465,0.03385651864114148,344.5514565867232,-6.325680032500364,125.0,I11,NA
S1004aaZa,223240.0,60601.15593080322,307421859.3464324,17.82112927637143,346.48686832724866,-0.07153225866766419,-7.117900585345352,-0.024902106602684004,431778056.03060204,-13666019.96876197,-13122509.025306799,2.864305512480573,16.695177319330323,6.952694387705024,135170364.35024384,57615117.42283563,24970596.75761819,-13.113776516192122,25.067507731327,10.695050889549979,12.841289229484502,20.95404903068153,4.624049030681533,22.40442127647394,y,20.548049030681533,15.730798306183052,0.040675263843197314,26.195910118326026,4.369666196161958e-06,20.516046487940546,0.007121032707762451,0.6204865403074212,346.4868638716545,-7.117900383501139,187.0,I11,NA
S1007GPNa,223240.0,60601.15593080322,315730719.1375113,14.266263577352058,345.8672459724561,-0.08556227931688809,-7.553658066861499,-0.04089172088732986,438687815.1121292,-18807721.07218876,-16533653.947850795,-1.0527788947535917,16.45282691965353,6.234564407510675,135170364.35024384,57615117.42283563,24970596.75761819,-13.113776516192122,25.067507731327,10.695050889549979,12.822619669175928,21.30719077822665,4.717190778226652,22.40442127647394,y,21.00419077822665,20.666426321367613,0.06003914886925651,17.58841201141716,5.74067397815767e-06,20.991689381548017,0.011115815902496575,0.020410204139206092,345.8672396777099,-7.553654660966594,151.0,I11,NA
S100ahiua,223240.0,60601.15593080322,307349086.4971678,18.29414839568981,345.757949816342,-0.07287138472585776,-7.633349423437288,-0.014790959312081502,430433204.82524574,-17328508.210805245,-15855588.885907779,3.23973122740243,16.291292036832502,7.355250450883934,135170364.35024384,57615117.42283563,24970596.75761819,-13.113776516192122,25.067507731327,10.695050889549979,13.10997817999874,20.617754883951637,4.627754883951637,22.40442127647394,y,20.314754883951636,14.099733691413034,0.03340734639415872,32.00248764626045,3.916592692059176e-06,20.331797080629837,0.006842097636170717,0.012937961964312948,345.7579459216514,-7.633346631249735,151.0,I11,NA
S100bpk8a,223240.0,60601.15593080322,347378122.4407316,16.13732276269073,344.1110988414714,-0.08901927236561674,-7.839170269867497,-0.04766609344818099,466154402.8170535,-36598898.34857271,-22409318.8067422,0.12899533988389625,14.86464213410239,5.18072914779185,135170364.35024384,57615117.42283563,24970596.75761819,-13.113776516192122,25.067507731327,10.695050889549979,12.438629033092798,21.237903154310832,5.047903154310831,22.40442127647394,y,20.831903154310833,18.483490407692685,0.05180111560791675,20.46368271904125,5.134302891025745e-06,20.880963854785193,0.01258075631181986,-0.0,344.11109215936403,-7.83917262200092,51.0,I11,NA
S1001fJ0a,223241.0,60601.156379632586,363543310.37322885,17.91552003234291,341.9549602310079,-0.056583588423162114,-4.672576447816546,-0.07643359567601708,479682893.7346312,-54622421.29100458,-4643746.006040979,2.1450629631743925,15.740756045957928,3.641347468715385,135169855.78720915,57616089.50603579,24971011.49890918,-13.115096957903457,25.06717640432595,10.695015141521637,12.248339951049847,20.1766160059224,5.206616005922401,22.35706756569497,y,19.8736160059224,12.398264348131045,0.02409585222472628,44.560899184538314,3.44396231892529e-06,19.89674527849969,0.01073472908184371,0.024840423589187824,341.95496800690495,-4.672573021361382,74.0,I11,NA
S1001H6Ta,223241.0,60601.156379632586,376907454.1288852,18.162560750782607,343.9074314569044,-0.08999198552287437,-4.525417623053128,-0.042598097672276916,496179261.13056916,-46533196.08029061,-4767469.930671962,2.142299925079243,13.557394147114799,6.029131684593355,135169855.78720915,57616089.50603579,24971011.49890918,-13.115096957903457,25.06717640432595,10.695015141521637,11.436061789062865,19.953172658684334,5.323172658684333,22.35706756569497,y,19.547172658684335,11.468362208800205,0.01850649462567114,58.169267935270625,3.185656169111168e-06,19.541873558404063,0.011723291460214924,0.025510562629292015,343.90743243111797,-4.5254135762310375,172.0,I11,NA
S1001kRna,223241.0,60601.156379632586,355824598.4362396,16.52393655039097,343.80286241455815,-0.10480796531456901,-6.990600180830763,0.007634947385332377,474330785.9171657,-40900889.7501273,-18335161.10201154,0.6133968058724322,13.29365503131346,9.229162836732142,135169855.78720915,57616089.50603579,24971011.49890918,-13.115096957903457,25.06717640432595,10.695015141521637,12.206126461936853,18.879633008435455,5.129633008435455,22.35706756569497,y,18.576633008435454,10.35436610529728,0.008891805805105586,121.60593629140263,2.8762128070270225e-06,18.570735740478455,0.012918077965845558,0.10803221922655899,343.8028640331786,-6.990600125205724,71.0,I11,NA
S1002M3ha,223241.0,60601.156379632586,325315235.9490042,19.04537015519606,344.59494902054473,-0.10568565197444374,-5.402540991475095,0.029493593073816583,447403980.0117385,-28417125.257495943,-5658220.27105145,3.503867549514488,13.316869559673085,10.832112127564463,135169855.78720915,57616089.50603579,24971011.49890918,-13.115096957903457,25.06717640432595,10.695015141521637,12.648055260507624,19.319417537310933,4.819417537310933,22.35706756569497,y,19.016417537310932,10.665830558932312,0.012262194833939177,88.044323434995,2.9627307108145313e-06,19.017322406123842,0.014159879310199136,0.06743340370987763,344.5949508008176,-5.4025404248204225,182.0,I11,NA
S1002MnCa,223241.0,60601.156379632586,390511222.2890061,15.489406561880074,344.5514170014277,-0.09009861992396559,-6.32569688503192,-0.03629092886201973,509280205.50136906,-45772448.45950411,-18055549.43064484,-0.46199179612183683,14.24211518933487,6.143310570754391,135169855.78720915,57616089.50603579,24971011.49890918,-13.115096957903457,25.06717640432595,10.695015141521637,11.147103150439111,19.69610222553594,5.446102225535942,22.35706756569497,y,19.39310222553594,11.164885473369218,0.016382628982052748,65.77488210860686,3.101357075935894e-06,19.407843378575635,0.011104037883304916,0.17954825975933297,344.55141614583107,-6.325696321434822,155.0,I11,NA
S1003q7xa,223241.0,60601.156379632586,310183985.6817851,16.170507471303733,344.50801137094624,-0.08136696894047357,-4.9591403783603365,-0.04181029147480886,432965227.28383476,-24925085.70224352,-1842878.9151064642,0.8346773441055361,15.930750150946164,6.687533164220799,135169855.78720915,57616089.50603579,24971011.49890918,-13.115096957903457,25.06717640432595,10.695015141521637,13.062058955698692,20.52905992238852,4.65905992238852,22.35706756569497,y,20.22605992238852,14.03820674860438,0.03226934279485082,33.148535516131915,3.899501874612327e-06,20.25432443717571,0.009905759628367969,0.0645129655320092,344.5080032838074,-4.959129148917041,184.0,I11,NA
S1004Lcva,223241.0,60601.156379632586,337704076.684521,16.733833059458036,344.00892811858506,-0.08382316393164942,-5.138257407687733,-0.03728824567083234,458501796.5093952,-35043377.028471604,-5273542.345607596,1.1186540849188118,15.064436701656085,6.663203070198439,135169855.78720915,57616089.50603579,24971011.49890918,-13.115096957903457,25.06717640432595,10.695015141521637,12.437866133759202,21.16790391059875,4.94790391059875,22.35706756569497,y,20.86490391059875,19.831182734072375,0.055489102628381054,19.070915154935918,5.50866187057566e-06,20.875048687049134,0.0099543176049598,0.011075176526911028,344.00892099472594,-5.138256053425888,150.0,I11,NA
S10058PMa,223241.0,60601.156379632586,365476958.9105687,18.187665496170972,342.1527976177271,-0.09807428147960992,-4.842436093390401,0.008456716145668166,481817299.4662081,-53995375.64977521,-5881058.382596397,1.9746238028839187,12.62990784193178,9.782397914016892,135169855.78720915,57616089.50603579,24971011.49890918,-13.115096957903457,25.06717640432595,10.695015141521637,12.16583139786274,20.684305764261396,5.224305764261395,22.35706756569497,y,20.278305764261397,14.356277057085522,0.033714560622090606,31.7063650271593,3.987854738079312e-06,20.323583340419564,0.011439684844439942,0.00971320564851249,342.1527916616417,-4.842437588593279,81.0,I11,NA
S1000GkZa,223242.0,60601.15682861491,380785736.0709911,15.655389669898112,341.8953852943792,-0.08686084873076737,-3.8550570917454796,-0.03414078198146264,496283730.065786,-60445498.10677348,-629827.8827776086,-0.5092018784678429,13.932233380432667,7.02259482998948,135169346.99996102,57617061.9069888,24971426.379893724,-13.116417157622305,25.066841819378897,10.694979379205252,11.77593774750385,18.215212092596555,5.365212092596556,22.29675910361264,y,17.912212092596555,10.164522144294692,0.005905405342518705,183.35509858291084,2.8234783734151918e-06,17.91443112899697,0.009880333986683703,0.006566423474952839,341.89538689304993,-3.855057497523653,104.0,I11,NA
S1001fJ0a,223242.0,60601.15682861491,363544005.37506545,17.916648536543576,341.9549398746891,-0.056573505201662856,-4.672608867943468,-0.07643155988230942,479682976.9406456,-54621810.711082794,-4643604.759106297,2.1450410230613346,15.740758545931696,3.641347681524315,135169346.99996102,57617061.9069888,24971426.379893724,-13.116417157622305,25.066841819378897,10.694979379205252,12.248449663815805,20.17662431894481,5.20662431894481,22.29675910361264,y,19.87362431894481,12.731257642524817,0.025318888140760835,42.38440315317019,3.5364604562568933e-06,19.82315250408479,0.010269177790433952,0.08029548200744993,341.9549426041442,-4.672607338227082,71.0,I11,NA
S10020Tqa,223242.0,60601.15682861491,394530520.78181356,18.71287196259299,341.35078734424576,-0.068190710829642,-3.5163475692577832,-0.052150801742199375,508280932.9744326,-68305746.23845032,773560.9237567197,2.604592335356778,14.037044091617199,5.399134798260124,135169346.99996102,57617061.9069888,24971426.379893724,-13.116417157622305,25.066841819378897,10.694979379205252,11.564111120590471,19.72945910245915,5.489459102459149,22.29675910361264,y,19.32345910245915,11.198301814988312,0.016263055873091674,66.26214564355512,3.110639393052309e-06,19.33211435999512,0.008384467630891684,-0.0,341.3507860956046,-3.5163465420466147,92.0,I11,NA
S1002M5fa,223242.0,60601.15682861491,376718156.8093044,16.13686212811138,341.7786320078241,-0.10308864170333515,-3.4830436432224756,-0.0008580818108991304,492336212.0063425,-59961026.599164315,2084614.262223117,-0.2693283506409465,12.594440691730442,9.649955073138461,135169346.99996102,57617061.9069888,24971426.379893724,-13.116417157622305,25.066841819378897,10.694979379205252,11.870294785492685,20.77814251014008,5.328142510140079,22.29675910361264,y,20.475142510140078,16.51052049784146,0.041892542175068784,25.42038690231964,4.58625569384485e-06,20.461302969499737,0.012033460038166077,-0.0,341.7786357023339,-3.4830429076668064,105.0,I11,NA
S1004iqIa,223242.0,60601.15682861491,373346182.11187035,16.382029897666392,341.91364039710186,-0.08053965266452363,-3.947726595472488,-0.00700476485244194,489226290.3646463,-58013359.703185506,-732090.5265863582,0.5034304440871888,14.24485464207372,9.040598470138768,135169346.99996102,57617061.9069888,24971426.379893724,-13.116417157622305,25.066841819378897,10.694979379205252,11.9556657135698,20.32724394549894,5.2972439454989395,22.29675910361264,y,20.024243945498938,13.412337187105338,0.02867646535179469,37.363778105349986,3.7256492186403717e-06,20.00803254034482,0.00742511073568282,0.009499693863005606,341.9136319037599,-3.947726652236986,104.0,I11,NA
S1004JCJa,223242.0,60601.15682861491,391658887.7904076,17.621470474904875,341.15059640805146,-0.0861428085051794,-3.525067510330666,-0.023991636628859295,505122720.4546918,-68681365.39822677,890167.9249333316,1.2203421826507963,12.9852241924233,7.7174090987544774,135169346.99996102,57617061.9069888,24971426.379893724,-13.116417157622305,25.066841819378897,10.694979379205252,11.676545415498534,20.71480743586921,5.464807435869211,22.29675910361264,y,20.308807435869213,15.15210456724003,0.03639200221673295,29.337266060348085,4.2089179353444536e-06,20.326301745219464,0.009080833641525302,-0.0,341.1506027584721,-3.525070145249197,53.0,I11,NA
S1004vS6a,223242.0,60601.15682861491,377317593.8238406,19.254900247610472,342.1536844415182,-0.07288987078713335,-1.694103819192921,-0.03877857732547244,494174196.5503202,-57966968.62872265,13816641.594046986,3.4191298663114478,13.910096078855254,7.1717770251901785,135169346.99996102,57617061.9069888,24971426.379893724,-13.116417157622305,25.066841819378897,10.694979379205252,11.628098025580151,20.190153827382133,5.330153827382134,22.29675910361264,y,19.887153827382132,12.786698881790011,0.025602381875396426,41.909589845029075,3.551860800497225e-06,19.905499301366333,0.007773067957684359,0.08087567897117427,342.1536879246704,-1.6941033165931925,170.0,I11,NA
S100050Ma,223243.0,60601.157274208286,365536090.9477701,18.112531633273033,343.73533768692323,-0.06926190659083885,-2.14551698378835,-0.07198268010818211,485829547.99110323,-44687597.986717686,11287026.941888645,2.635465871596504,15.147650229544583,4.705635831790644,135168842.00199652,57618026.95617114,24971838.128328122,-13.117726701325143,25.066506651289277,10.69494388466795,11.541538020749837,18.1550380833351,5.2150380833351,22.286087609565296,y,17.7490380833351,10.138558021579888,0.005357294693242875,202.16542532737733,2.8162661171055245e-06,17.753676962479815,0.011092790879148585,-0.0,343.7353409589883,-2.1455199311594875,86.0,I11,NA
S1000gwPa,223243.0,60601.157274208286,412808790.1930691,17.040486932385512,343.56215024216834,-0.10156961674503291,-1.7520138478792173,-0.025384735635670414,530919931.5389142,-59141961.18415521,12350715.50924123,0.7609590347892684,12.145853764459458,8.058573415052813,135168842.00199652,57618026.95617114,24971838.128328122,-13.117726701325143,25.066506651289277,10.69494388466795,10.539299103680161,21.797150050733368,5.637150050733368,22.286087609565296,y,21.39115005073337,31.70887101066884,0.0926731229457424,11.222873549270368,8.808019725185789e-06,21.289118564888824,0.01216946900451451,0.0029250854328428215,343.56215454805175,-1.752020594703893,85.0,I11,NA
S1000Js7a,223243.0,60601.157274208286,393452281.6103785,16.2934119599919,343.0044389728082,-0.08393245079796656,-1.8972617712978814,-0.050998156721205744,511231787.91421604,-57324093.00824415,11945652.011533082,0.3784307739148028,13.97049183193006,6.10475183229421,135168842.00199652,57618026.95617114,24971838.128328122,-13.117726701325143,25.066506651289277,10.69494388466795,11.07683851552805,18.85203960123146,5.47203960123146,22.286087609565296,y,18.446039601231462,10.348297807681105,0.008525514715486331,126.8520508403025,2.874527168800307e-06,18.437152297874313,0.010724743225215392,0.015852091563474453,343.0044400410772,-1.8972609476647364,42.0,I11,NA
S1002JWza,223243.0,60601.157274208286,391303139.92809874,17.195720987760936,344.3032611065446,-0.10308952139241448,-2.4866897260239136,-0.026771145606720097,511524454.60308814,-48147638.24670176,7994268.6656302335,1.1302694477144017,12.606741864083983,7.835173302322529,135168842.00199652,57618026.95617114,24971838.128328122,-13.117726701325143,25.066506651289277,10.69494388466795,10.85603819648381,21.148477211305444,5.448477211305445,22.286087609565296,y,20.742477211305445,19.65932841895367,0.053098059076119135,19.951832181295178,5.460924560820464e-06,20.606048494352013,0.012579064200409393,-0.0,344.303263703847,-2.4866866059424413,98.0,I11,NA
S1009TLHa,223243.0,60601.157274208286,351022226.01089764,15.133866021850732,345.3435417072554,-0.1165665386233411,-1.6596964531302705,-0.03311322273583235,474626456.9218043,-31161363.067737654,14805145.79014991,-0.638776075162367,13.26353175644609,7.909995969319145,135168842.00199652,57618026.95617114,24971838.128328122,-13.117726701325143,25.066506651289277,10.69494388466795,11.429252016143652,21.308091994402968,5.06809199440297,22.286087609565296,y,21.005091994402967,23.561379236888936,0.06651035569872932,15.829422660075235,6.544827565802482e-06,21.007687373513964,0.01624214014716408,0.045880892228469916,345.3435391339288,-1.6596949270864303,176.0,I11,NA
S1000mkya,223244.0,60601.15772354898,408256531.4803918,16.91909234084915,345.2478182711873,-0.09351215645994801,-5.640296669818808,-0.03914715557846453,528055811.6666347,-45835608.495507315,-15152343.10896183,0.902067967067188,13.438684540507058,5.819539692459078,135168332.70679578,57619000.10668967,24972253.337500434,-13.119046548935444,25.066165531269764,10.694908089515064,10.55772885320778,19.387119599916577,5.597119599916578,22.335304792059667,y,18.98111959991658,10.66930402886873,0.01213809021876635,88.94961632428385,2.9636955635746473e-06,18.954954324157477,0.011805460824700924,0.012281323275988939,345.2478231187282,-5.640294589836794,54.0,I11,NA
S10022R1a,223244.0,60601.15772354898,340614220.96932274,15.78612087567315,344.9708279400299,-0.06764767631079872,-6.242061513034285,-0.07855865431175389,462181206.7345426,-30182305.222888775,-12062446.087843344,0.2692852007005943,16.68150044170375,3.6054242533192253,135168332.70679578,57619000.10668967,24972253.337500434,-13.119046548935444,25.066165531269764,10.694908089515064,12.224438413968516,19.13481244696466,4.974812446964659,22.335304792059667,y,18.72881244696466,10.464741869760731,0.010073915174307859,107.2777582129111,2.906872741600203e-06,18.728275992957812,0.012378986548098636,0.10461507377652542,344.97082980840304,-6.2420619839274725,19.0,I11,NA
S1002M3ha,223244.0,60601.15772354898,325317447.5907466,19.04882713695406,344.59481173894653,-0.10565351007487853,-5.4024992172797095,0.029499814262916882,447404386.8307764,-28415579.075709682,-5656962.587171922,3.5037910568683084,13.316874421623744,10.832113097742655,135168332.70679578,57619000.10668967,24972253.337500434,-13.119046548935444,25.066165531269764,10.694908089515064,12.648418773924147,19.319447167288313,4.819447167288313,22.335304792059667,y,19.016447167288312,10.704857150396727,0.01246513129351782,86.60282346674911,2.9735714306657574e-06,19.015416073576084,0.01379622391213068,0.036308281298180256,344.59480878971635,-5.402500783720626,12.0,I11,NA
S10031uIa,223244.0,60601.15772354898,367415845.07442856,18.06696077094762,346.5179013447894,-0.08987222670394157,-6.408089951773781,-0.03083804575343016,490226947.33709896,-27505737.984483358,-16034750.33170923,2.546598942799561,14.49476881613477,6.404351707609093,135168332.70679578,57619000.10668967,24972253.337500434,-13.119046548935444,25.066165531269764,10.694908089515064,11.2013657554073,19.997507052595708,5.227507052595708,22.335304792059667,y,19.694507052595707,11.939421479210914,0.021198623319508496,50.7189249032308,3.3165059664474763e-06,19.695607806300814,0.010354422002908155,0.2963864959515753,346.5178983040329,-6.408088957696972,71.0,I11,NA
S1003q7xa,223244.0,60601.15772354898,310185863.5100602,16.173953532083708,344.50789025908347,-0.0813337730406242,-4.959184505941748,-0.041803297461899584,432965324.19188154,-24923236.012947597,-1842102.4383626329,0.8345955572774584,15.93075486321115,6.687533513984819,135168332.70679578,57619000.10668967,24972253.337500434,-13.119046548935444,25.066165531269764,10.694908089515064,13.06244598097354,20.529087164940595,4.659087164940596,22.335304792059667,y,20.226087164940594,14.260887575247496,0.032863938415498686,32.539834902886035,3.961357659790972e-06,20.266212035474144,0.00964863448331799,0.029491662041538975,344.5078939556843,-4.959185333741441,7.0,I11,NA
S1004Lcva,223244.0,60601.15772354898,337706019.9224504,16.737269877102353,344.0088129386978,-0.08379211461824615,-5.138313282879067,-0.037281702527228996,458501926.3897268,-35041627.92841391,-5272768.695209089,1.118581442670432,15.064442257772205,6.663203907493227,135168332.70679578,57619000.10668967,24972253.337500434,-13.119046548935444,25.066165531269764,10.694908089515064,12.438227399255954,21.167929795060513,4.947929795060514,22.335304792059667,y,20.86492979506051,20.31506704101628,0.056534673944200746,18.709123056218132,5.643074178060079e-06,20.898193854410597,0.009696316444659996,0.4063591181325404,344.00880836424375,-5.13830616130299,1.0,I11,NA
